<?xml version="1.0" encoding="UTF-8"?>
<project-private xmlns="http://www.netbeans.org/ns/project-private/1">
    <editor-bookmarks xmlns="http://www.netbeans.org/ns/editor-bookmarks/2" lastBookmarkId="0"/>
    <open-files xmlns="http://www.netbeans.org/ns/projectui-open-files/2">
        <group>
            <file>file:/C:/UVG/Ciclo_II_2021/Digital_II/Digital_II_19260_FredyGodoy/LIB/LIB.X/LIB.h</file>
            <file>file:/C:/UVG/Ciclo_II_2021/Digital_II/Digital_II_19260_FredyGodoy/LIB/LIB.X/SPI.h</file>
            <file>file:/C:/UVG/Ciclo_II_2021/Digital_II/Digital_II_19260_FredyGodoy/Lab_03/Lab_03_Slave.X/Lab_03_Slave.c</file>
            <file>file:/C:/UVG/Ciclo_II_2021/Digital_II/Digital_II_19260_FredyGodoy/LIB/LIB.X/SPI.c</file>
            <file>file:/C:/UVG/Ciclo_II_2021/Digital_II/Digital_II_19260_FredyGodoy/LIB/LIB.X/LIB.c</file>
        </group>
    </open-files>
</project-private>
