<?xml version="1.0" encoding="UTF-8"?>
<project-private xmlns="http://www.netbeans.org/ns/project-private/1">
    <editor-bookmarks xmlns="http://www.netbeans.org/ns/editor-bookmarks/2" lastBookmarkId="0"/>
    <open-files xmlns="http://www.netbeans.org/ns/projectui-open-files/2">
        <group>
            <file>file:/C:/UVG/Ciclo_II_2021/Digital_II/Digital_II_19260_FredyGodoy/Lab_01/Lab_01.X/Libreria.h</file>
            <file>file:/C:/UVG/Ciclo_II_2021/Digital_II/Digital_II_19260_FredyGodoy/Lab_01/Lab_01.X/Lab_01.c</file>
            <file>file:/C:/UVG/Ciclo_II_2021/Digital_II/Digital_II_19260_FredyGodoy/Lab_01/Lab_01.X/Libreria.c</file>
        </group>
    </open-files>
</project-private>
